GeoFips,GeoName,LineCode,Description,1969,1970,1971,1972,1973,1974,1975,1976,1977,1978,1979,1980,1981,1982,1983,1984,1985,1986,1987,1988,1989,1990,1991,1992,1993,1994,1995,1996,1997,1998,1999,2000,2001,2002,2003,2004,2005,2006,2007,2008,2009,2010,2011,2012,2013,2014,2015,2016,2017,2018,2019,2020,2021,2022
37000,North Carolina,1,Personal income (thousands of dollars),15858142,17320423,18856792,21319016,24174505,26653856,28942763,32132322,35208099,39736164,43906810,49256176,55448399,59374707,64651777,73042476,78975578,85149307,91578629,100512038,109591488,116495228,121968505,132578359,141327215,150419510,161278515,172515776,185209372,198232018,207943047,221516240,228090893,231930885,241805079,261603424,280391837,304872655,327886485,351637519,339441454,343104305,355001632,377867242,373140586,393886051,414760405,429054929,449817671,473093266,501587171,541077960,599133510,621705594
37000,North Carolina,3,Per capita personal income (dollars) 2,3152,3397,3626,4025,4491,4881,5229,5745,6211,6922,7568,8350,9309,9864,10639,11850,12628,13470,14301,15510,16692,17481,17978,19222,20067,20928,21959,23000,24189,25385,26158,27410,27782,27856,28709,30586,32209,34189,35960,37772,35921,35847,36816,38867,38062,39866,41617,42582,44207,46040,48366,51781,56705,58109
37001,"Alamance, NC",1,Personal income (thousands of dollars),329879,350273,381007,424017,469926,504551,536960,590057,628721,697983,781923,871973,979181,1049182,1133579,1252503,1333916,1447711,1543043,1681431,1827615,1900981,1983233,2109796,2242999,2376695,2541804,2690364,2888267,3109442,3270188,3438877,3585860,3661043,3791842,3873962,4027474,4376096,4671246,4871361,4754710,4845905,5058491,5219274,5286774,5514086,5701062,5927766,6204277,6562167,6984074,7604373,8383946,8637798
37001,"Alamance, NC",3,Per capita personal income (dollars) 2,3434,3617,3868,4251,4702,5083,5466,5977,6383,7083,7894,8761,9784,10388,11162,12315,13011,13986,14686,15814,17013,17489,17905,18700,19559,20351,21396,22186,23316,24633,25401,26166,26891,27071,27879,28150,28910,30935,32280,32981,31708,31996,33109,34019,34245,35424,36228,36896,37907,39318,41182,44223,48218,48980
37003,"Alexander, NC",1,Personal income (thousands of dollars),57882,59796,66867,75107,89470,94742,101401,116936,133293,148161,163244,183742,211633,214101,242821,284612,298005,323868,337733,367094,410866,439149,454846,496784,532526,571962,595982,604536,646057,717803,777862,819068,839545,825919,838459,907193,942860,986076,1024035,1013861,1006158,1032178,1043752,1081135,1093133,1155681,1225944,1236703,1314412,1351957,1426817,1532957,1679287,1753845
37003,"Alexander, NC",3,Per capita personal income (dollars) 2,3080,3052,3286,3545,4054,4179,4429,5067,5651,6158,6604,7330,8378,8372,9388,10906,11310,12195,12604,13557,14983,15881,16190,17460,18232,19098,19543,19522,20401,22092,23377,24251,24557,23826,23957,25668,26347,27207,27972,27521,27155,27741,28278,29450,29783,31590,33631,33872,36114,37082,39092,42020,46049,48035
37005,"Alleghany, NC",1,Personal income (thousands of dollars),19145,20531,23339,27217,31140,32791,36987,39826,43735,49993,57109,63088,69953,76372,80373,87260,89641,93913,102942,114395,126729,136163,144655,156932,170855,180592,202031,212025,228986,247186,263828,266448,263769,264228,265396,276481,287154,286055,298638,310875,317674,320532,326932,336517,329150,349297,368505,376635,387290,407474,428505,452806,491524,497328
37005,"Alleghany, NC",3,Per capita personal income (dollars) 2,2368,2520,2799,3145,3552,3627,4101,4297,4703,5316,5936,6567,7239,7830,8267,8997,9387,9854,10779,12018,13231,14151,14827,15965,17311,18023,19858,20704,22260,23684,24967,24965,24559,24602,24628,25624,26618,26148,26999,27929,28555,28802,29773,30924,30440,32423,34408,35029,35864,37287,39432,41553,44417,44464
37007,"Anson, NC",1,Personal income (thousands of dollars),53828,57067,62544,72275,83576,89276,94958,109967,118558,134094,148663,163400,175670,182375,190768,220726,227948,252693,264888,288707,316220,339552,351736,368131,398500,409554,434676,456704,481974,516266,529983,555955,579623,551369,557567,606015,630175,666733,707986,713702,693770,721392,716548,743213,736373,790471,824615,803422,848245,852420,884964,926087,1053552,1114244
37007,"Anson, NC",3,Per capita personal income (dollars) 2,2259,2427,2629,2995,3416,3661,3852,4436,4764,5386,5903,6378,6909,7204,7568,8830,9174,10270,10885,11971,13312,14450,14927,15493,16277,16582,17648,18285,19176,20374,20958,21938,22683,21435,21654,22967,23704,25066,26552,26594,25774,26922,27318,28800,29171,31577,33698,33706,36359,37416,40772,42032,47342,50187
37009,"Ashe, NC",1,Personal income (thousands of dollars),39913,43533,47776,56093,67696,73389,76261,87638,96640,115695,125103,130398,144033,159186,180418,205994,222986,238522,248137,268791,288797,301324,320154,336072,370929,403589,436204,446460,478991,501712,533261,558355,581918,583419,592501,622901,639498,682295,724026,759733,785272,798338,799432,849808,822505,827775,834879,863692,896549,941712,999194,1082608,1178977,1204592
37009,"Ashe, NC",3,Per capita personal income (dollars) 2,2036,2219,2389,2807,3350,3586,3689,4188,4547,5346,5730,5831,6419,7076,7981,9082,9816,10651,11079,12021,12941,13569,14282,14929,16279,17472,18690,18845,20071,20914,22053,22809,23512,23310,23430,24252,24750,26108,27316,28287,28930,29338,29704,31716,30859,31211,31709,32914,33987,35348,37464,40730,44051,44433
37011,"Avery, NC",1,Personal income (thousands of dollars),25435,27930,31132,35351,39752,43665,48154,52863,59540,68014,77109,85734,94061,101396,114884,133317,140455,153224,160752,174962,194221,207486,224266,238769,272576,280217,306655,314633,342481,360397,381946,401728,398331,398118,404396,414251,432055,433022,468537,467442,486176,490014,499970,522287,515148,537812,547222,562253,595008,619669,643520,716787,781897,802164
37011,"Avery, NC",3,Per capita personal income (dollars) 2,2017,2192,2362,2618,2925,3107,3402,3726,4202,4783,5386,5937,6474,6958,7845,9032,9540,10433,10855,11799,13063,13902,14927,15748,17726,18111,19576,19750,21242,22171,22415,23197,22497,22282,22597,23051,24077,23919,26104,25934,27123,27524,28087,29558,29040,30289,31071,31966,33649,35027,36363,40161,44675,45653
37013,"Beaufort, NC",1,Personal income (thousands of dollars),89468,101373,103369,123812,146320,161471,174957,202380,211546,248544,271409,308312,340454,363629,374503,424373,450307,474988,502559,549909,595894,639700,655095,685875,722232,744930,790475,853527,914372,939327,978931,1048944,1073786,1086729,1157332,1208358,1290312,1382138,1480105,1548330,1552174,1588127,1619490,1740980,1745711,1779934,1803525,1850166,1906052,1944377,2067488,2218597,2427989,2415209
37013,"Beaufort, NC",3,Per capita personal income (dollars) 2,2453,2814,2847,3409,3963,4341,4593,5199,5373,6254,6745,7608,8285,8738,8911,10015,10668,11316,11993,13040,14128,15097,15352,15971,16661,17053,18011,19451,20725,21145,21754,23336,23817,24034,25482,26489,28014,29646,31693,32736,32688,33249,34181,37125,37458,38428,39097,40317,42031,43076,46080,49644,54638,54554
37015,"Bertie, NC",1,Personal income (thousands of dollars),43803,45857,46970,57431,71958,81088,85905,96008,104555,112135,120028,130479,154400,169588,173392,195109,204517,226137,222673,228957,251161,268044,280997,293755,311435,343068,353818,366133,374432,389969,393784,401057,432721,424916,439251,461467,488949,506465,548923,575085,597464,591759,575622,618925,627201,663988,660248,650446,678711,668093,707884,739535,847998,851818
37015,"Bertie, NC",3,Per capita personal income (dollars) 2,2107,2228,2252,2750,3480,3941,4102,4565,4915,5293,5720,6203,7347,8057,8205,9281,9738,10869,10769,11157,12254,13146,13735,14456,15233,16801,17311,18074,18602,19534,19785,20294,21823,21416,22076,23053,24378,25405,26230,27228,28161,27886,27757,30516,31316,33319,33532,34475,36458,36383,38959,41403,48666,49409
37017,"Bladen, NC",1,Personal income (thousands of dollars),56641,65899,70248,83272,97008,106003,114239,125764,130499,153170,171474,191380,212219,221444,230035,264945,262271,280485,303195,330817,359340,367111,388738,415653,453136,496066,535577,613732,643859,634007,645973,712281,743735,710521,753200,808770,835652,845476,893502,965609,987080,1040078,1038627,1045961,1066445,1104566,1112033,1094111,1142303,1118469,1168907,1275264,1437278,1425899
37017,"Bladen, NC",3,Per capita personal income (dollars) 2,2202,2485,2611,3041,3447,3700,3907,4290,4394,5111,5701,6277,6982,7345,7708,8903,8856,9543,10383,11378,12416,12802,13409,14181,15280,16384,17465,19813,20379,19832,20097,22073,22734,21674,22735,24011,24626,24784,26061,27855,28322,29642,30164,30755,31850,33580,34435,34675,36812,36727,39145,43041,48614,48424
37019,"Brunswick, NC",1,Personal income (thousands of dollars),57124,72133,77132,93517,108723,123243,137305,154001,169332,193902,216431,248822,283092,312480,364286,412352,469389,517038,549591,610088,670788,737209,799111,859355,920067,974771,1081148,1189870,1319424,1457964,1567426,1687983,1860527,1891124,2057925,2398744,2702265,3001712,3246284,3453897,3452664,3529273,3695986,3906258,4089588,4361684,4772381,5216071,5569776,6053028,6596432,7438414,8342881,8920659
37019,"Brunswick, NC",3,Per capita personal income (dollars) 2,2389,2947,2987,3280,3459,3706,4045,4470,4923,5585,6154,6898,7619,8074,8990,9628,10476,11053,11349,12314,13371,14379,15250,15863,16333,16706,17833,18834,19985,21248,21963,22898,24479,24154,25538,28787,30761,31954,32788,33450,32641,32717,33850,35449,36433,38021,40562,43220,44875,46959,49430,53840,57611,58281
37021,"Buncombe, NC",1,Personal income (thousands of dollars),447815,480018,526898,596633,676367,742818,790861,875247,978178,1094562,1213205,1371645,1527532,1625628,1769652,1969953,2118744,2256392,2408862,2647199,2926120,3147491,3307897,3528139,3766191,3959564,4272516,4483238,4822114,5167284,5325376,5578819,5830219,5938526,6080155,6550635,6915862,7630525,8105989,8410933,8108842,8296567,8715963,9270347,9310973,10043527,10703896,11189055,11805599,12585927,13503785,14252553,15999747,16842122
37021,"Buncombe, NC",3,Per capita personal income (dollars) 2,3090,3302,3561,4010,4495,4875,5157,5692,6277,6921,7587,8507,9433,9931,10803,11914,12677,13397,14205,15479,16901,17965,18541,19416,20277,20915,22138,22854,24254,25622,26061,26931,27882,28033,28282,30030,31203,33685,35126,35979,34309,34731,36027,37832,37422,39901,41943,43223,45119,47569,50478,52847,58883,61560
37023,"Burke, NC",1,Personal income (thousands of dollars),181693,197130,219966,246353,277199,302917,322857,359841,398449,443487,492465,557560,624244,663038,725949,803726,841146,912993,977511,1065925,1143808,1205615,1255571,1355124,1438307,1531126,1591635,1628386,1711104,1893024,1990793,2068052,2091153,2088532,2095968,2183584,2263507,2332358,2409879,2464046,2450411,2488943,2504479,2579497,2559785,2666138,2782218,2868245,3025773,3122218,3296883,3598964,3866967,3922258
37023,"Burke, NC",3,Per capita personal income (dollars) 2,3041,3251,3507,3816,4150,4469,4722,5223,5759,6250,6903,7678,8566,9011,9919,10896,11298,12240,13087,14147,15133,15854,16307,17273,18012,18767,19122,19298,19894,21672,22496,23145,23358,23369,23420,24427,25283,25943,26733,27141,26875,27503,27770,28871,28939,30254,31656,32700,34339,35483,37543,41095,44126,44631
37025,"Cabarrus, NC",1,Personal income (thousands of dollars),245738,265116,280286,314560,340868,365032,393274,447832,504703,569168,648779,734885,830062,905152,997063,1113444,1196749,1285633,1411567,1535457,1696036,1809308,1903072,2049803,2185498,2344063,2582803,2763436,3018794,3371976,3584477,3877638,3955872,4078687,4177432,4438531,4757251,5258800,5733628,6069537,5936728,6211014,6572287,6858158,6991987,7470706,8074152,8579840,9063243,9561175,10207518,11204539,12254399,12910767
37025,"Cabarrus, NC",3,Per capita personal income (dollars) 2,3331,3539,3657,4052,4343,4594,4914,5587,6206,6915,7708,8515,9468,10152,11072,12195,12976,13809,14949,16019,17417,18168,18668,19643,20613,21622,23167,24032,25472,27413,28042,29325,28989,29122,29144,30312,31547,33339,34599,35305,33733,34761,36160,36991,37036,38555,40565,41883,43019,44314,46141,49313,52883,54754
37027,"Caldwell, NC",1,Personal income (thousands of dollars),172806,181534,202569,233513,260412,279623,296061,340387,393516,421199,459633,508466,571090,598059,666884,727531,762156,818826,879174,961136,1050372,1085977,1106262,1201459,1276679,1364450,1395054,1500813,1597985,1689639,1794801,1861613,1939549,1939214,1948333,2044892,2090085,2150505,2204014,2254484,2224629,2248532,2287306,2362311,2338704,2429360,2558890,2617350,2763689,2853879,2998709,3233059,3560497,3602876
37027,"Caldwell, NC",3,Per capita personal income (dollars) 2,3084,3197,3498,3940,4272,4490,4700,5353,6120,6437,6923,7495,8399,8788,9865,10597,10897,11742,12543,13572,14839,15329,15523,16747,17616,18703,18898,20118,21158,22234,23412,23953,24747,24572,24544,25731,26055,26583,27014,27318,26868,27095,27801,28894,28669,29971,31686,32365,34186,35305,37101,40096,44196,44761
37029,"Camden, NC",1,Personal income (thousands of dollars),12614,13997,13902,17816,25087,29431,26440,33481,34882,38808,44385,47259,50034,52986,55454,63980,65059,66416,69975,77389,83207,84928,90424,97217,105799,113629,125143,137095,147837,154645,162701,181823,194983,203020,221813,244386,286828,302738,339135,350394,352948,369196,392163,406500,412931,421231,433388,450099,462483,469110,502692,544477,596711,630978
37029,"Camden, NC",3,Per capita personal income (dollars) 2,2349,2563,2513,3195,4358,5160,4594,5983,6211,6765,7688,8144,8806,9337,9705,11217,11624,11920,12400,13565,14339,14305,15008,15818,17084,17906,19658,21150,22191,22863,23923,26256,27462,27391,28099,29042,31902,32479,35437,35747,35655,36927,39374,41110,41513,41909,43334,44808,45709,46195,49048,52318,55169,56906
37031,"Carteret, NC",1,Personal income (thousands of dollars),92226,99434,113550,129824,151350,168405,187022,210580,234062,274231,307596,347308,393709,418976,471040,523615,584756,635274,649920,705460,777537,826819,886935,955633,1015330,1078564,1162928,1261317,1368734,1439738,1512431,1577370,1647239,1683854,1799453,1937586,2060554,2227632,2387405,2506093,2577980,2672204,2737642,2833414,2784759,2921590,3045019,3177832,3248325,3380511,3593460,3889079,4270026,4407792
37031,"Carteret, NC",3,Per capita personal income (dollars) 2,2897,3129,3442,3839,4297,4651,4997,5436,5908,6796,7501,8392,9275,9574,10353,11120,12102,12792,12844,13787,15071,15693,16619,17556,18374,19331,20390,21753,23249,24310,25487,26552,27550,27920,29467,31188,32794,34792,37153,38734,39257,40089,40731,42044,41054,43028,44905,46920,47997,49705,53012,57425,62138,63531
37033,"Caswell, NC",1,Personal income (thousands of dollars),45984,49152,54471,60530,70866,79498,81292,93503,96597,108345,114915,125548,150936,153721,161604,182408,186417,191443,206887,229816,252113,265971,284392,303314,324348,343713,370821,399474,432227,448694,491925,517423,524778,517392,519512,534094,535428,547793,564216,600613,610955,630542,641676,675883,683839,697644,714473,734246,759204,778108,820817,865429,945975,930684
37033,"Caswell, NC",3,Per capita personal income (dollars) 2,2429,2576,2806,3081,3519,3937,3989,4559,4742,5301,5637,6051,7237,7178,7551,8458,8640,8915,9716,10907,12052,12867,13646,14538,15320,16034,17018,18184,18976,19507,21154,21993,22227,21769,21798,22440,22471,22831,23594,25118,25752,26547,27319,29254,29497,30441,31136,32053,33293,33986,35977,38126,41671,41155
37035,"Catawba, NC",1,Personal income (thousands of dollars),322623,346063,376895,425648,479291,509797,536757,597691,668141,747219,821060,908709,1021779,1098166,1217041,1377718,1485742,1629099,1774088,1962354,2132701,2233319,2308780,2500466,2659374,2821290,3024882,3240988,3456112,3611839,3733393,3946808,4073296,4068315,4156037,4331177,4626919,4990748,5224731,5392050,5210168,5314272,5460577,5668935,5576020,5854429,6188692,6426955,6757115,7010983,7324868,7874013,8684925,9026785
37035,"Catawba, NC",3,Per capita personal income (dollars) 2,3574,3790,4033,4460,4923,5165,5417,6024,6651,7337,7951,8610,9587,10191,11165,12477,13254,14392,15474,16881,18177,18776,19133,20439,21398,22302,23448,24561,25732,26359,26758,27717,28118,27991,28544,29461,31131,33172,34272,35048,33699,34336,35328,36607,35930,37682,39708,40988,42729,44131,45856,48940,53670,55223
37037,"Chatham, NC",1,Personal income (thousands of dollars),90599,94027,103111,116505,142088,141591,167384,183112,207901,225916,253685,280581,319597,345247,370987,426664,451608,507874,547075,600038,686059,729621,772981,858243,951063,1023364,1098593,1197650,1333315,1477723,1571010,1702555,1776841,1676892,1780575,2044526,2187377,2413875,2705188,2830411,2788934,2863766,3004787,3184161,3225935,3539794,3766328,4061397,4240835,4560054,4957728,5387990,5998165,6370657
37037,"Chatham, NC",3,Per capita personal income (dollars) 2,3141,3172,3397,3834,4652,4624,5385,5801,6492,6909,7605,8363,9405,10028,10695,12077,12611,13879,14789,15964,17934,18605,19273,20926,22713,23929,25033,26517,28773,31247,32460,34229,34514,31136,32338,36356,38345,41067,45046,45812,44486,44842,46792,49197,49233,52804,54809,57877,59043,61756,65951,70275,76790,79769
37039,"Cherokee, NC",1,Personal income (thousands of dollars),36471,37509,41764,48530,54517,58888,63468,69513,75389,84199,95916,111384,124508,131253,146780,160941,172783,185702,196287,210508,233828,249671,257378,272379,290190,307619,339746,358536,384455,411066,431849,459623,517042,520917,525215,542815,586343,627047,667536,708966,711763,715337,732990,762908,760496,779330,823289,827131,865455,909429,972212,1054405,1157460,1181099
37039,"Cherokee, NC",3,Per capita personal income (dollars) 2,2257,2292,2502,2871,3221,3438,3577,3809,4096,4544,5145,5866,6499,6800,7600,8241,8782,9443,9798,10393,11587,12344,12631,13267,13885,14318,15457,16058,16824,17547,18027,18870,20993,20934,20818,21156,22485,23330,24407,25738,25998,26079,26987,28256,28091,28858,30474,29834,31089,32209,34125,36538,39646,40021
37041,"Chowan, NC",1,Personal income (thousands of dollars),27628,29196,31042,35057,41281,45427,48638,58253,62352,71183,79831,88227,101480,102075,110854,125083,132854,147727,155201,174387,187165,202399,215467,224402,236469,253419,266209,283715,292530,311044,318537,341667,365133,354878,368018,393486,423769,435117,451045,459098,466582,455849,485305,501346,499195,509733,511286,516663,545339,562442,584191,626590,698348,711004
37041,"Chowan, NC",3,Per capita personal income (dollars) 2,2576,2711,2857,3176,3741,4102,4250,4935,5153,5662,6329,7021,8077,8111,8740,9697,10176,11166,11577,12913,13903,14948,15774,16253,17020,18087,18893,19807,20327,21546,21881,23599,25199,24375,25330,27001,28976,29330,30164,30955,31283,30941,32820,34191,34140,35295,36070,36599,39208,40472,42394,45733,50638,51005
37043,"Clay, NC",1,Personal income (thousands of dollars),11221,11990,12881,14607,17491,19444,21392,24022,27280,30712,34509,38952,43339,44500,51265,60462,64991,71153,72805,80263,87244,94247,96507,100312,110726,119710,129737,139084,156219,167241,177371,189697,202428,208368,213344,226625,247015,260299,272808,281918,281070,287050,290289,296780,296546,313972,332476,335869,351532,368281,402724,452232,496725,508148
37043,"Clay, NC",3,Per capita personal income (dollars) 2,2230,2304,2413,2753,3169,3519,3704,4135,4600,4929,5340,5851,6384,6470,7405,8607,9278,9926,10150,11165,12229,13150,13309,13756,14823,15549,16445,17338,18897,19678,20508,21498,22279,22470,22626,23649,25121,25754,26343,26870,26667,27080,27280,28046,28259,30100,31782,31797,32640,33955,36839,40588,43764,43753
37045,"Cleveland, NC",1,Personal income (thousands of dollars),203117,221208,248731,289240,328340,355778,380999,429656,481823,542353,607051,661596,730599,756962,803603,891665,931831,1001712,1100532,1204862,1315603,1349585,1395773,1492115,1572353,1658415,1774619,1839754,1956381,2075776,2125891,2229838,2294214,2305416,2357281,2498689,2596508,2704759,2828113,2901117,2796411,2855044,2932676,3039436,3031799,3154380,3274781,3304566,3468311,3582515,3769838,4069493,4468932,4542813
37045,"Cleveland, NC",3,Per capita personal income (dollars) 2,2781,3037,3329,3789,4233,4501,4742,5313,5931,6630,7376,7926,8763,9104,9720,10706,11071,11974,13167,14359,15582,15836,16200,17073,17793,18590,19558,19989,21033,22030,22309,23141,23686,23751,24242,25724,26811,27887,28999,29556,28474,29151,30065,31175,31215,32409,33676,33906,35506,36505,38247,40777,44548,45126
37047,"Columbus, NC",1,Personal income (thousands of dollars),107882,119365,130172,144198,168443,186601,206656,220850,242307,271013,282035,328090,364040,384313,408370,450257,480433,508364,532265,587606,631460,665271,732528,789837,849164,899169,946446,1010741,1099295,1078016,1103145,1196313,1210141,1192968,1229748,1296800,1397105,1440268,1496937,1609563,1580269,1615962,1626734,1647261,1674561,1682909,1662960,1694341,1726318,1765732,1859490,2006644,2210981,2200396
37047,"Columbus, NC",3,Per capita personal income (dollars) 2,2299,2532,2711,2974,3420,3771,4137,4355,4765,5316,5539,6420,7107,7556,8049,8867,9481,10074,10493,11704,12593,13424,14672,15635,16594,17395,18139,19105,20514,19919,20233,21847,22080,21700,22375,23536,25331,25879,26748,28486,27170,27917,28464,29133,30082,30574,30563,31597,32637,33792,36074,39746,44261,44109
37049,"Craven, NC",1,Personal income (thousands of dollars),202664,235507,246084,270928,320970,354726,389599,372589,425166,506586,558234,651947,693860,785556,825013,948522,1022794,1097510,1143952,1218235,1321627,1350162,1424515,1582558,1624874,1705436,1815226,1953498,2082217,2205411,2307080,2455956,2498103,2531448,2709624,2916109,3116008,3287749,3519629,3703522,3735394,3841041,3947636,4046560,3943754,4069541,4178133,4224542,4269091,4437303,4677441,4979472,5414079,5480226
37049,"Craven, NC",3,Per capita personal income (dollars) 2,3276,3749,3815,4123,4705,5244,5604,5201,5955,7077,7873,9141,9605,10648,11023,12319,12875,13752,14373,15085,16297,16439,17100,18744,19295,20193,21108,22296,23362,24493,25396,26709,26768,27328,29165,31172,32894,33920,35979,37250,36649,36875,37672,38450,37860,39168,40702,41265,41748,43458,46130,49475,53991,54327
37051,"Cumberland, NC",1,Personal income (thousands of dollars),826726,854487,900073,1028292,1159602,1341575,1448262,1541802,1644278,1802920,1934576,2236127,2478243,2674965,2934403,3222560,3425626,3629860,3815584,4051918,4302520,4410279,4637592,5569423,5787982,5896251,6197066,6422253,6632032,6977129,7276578,7636203,7714903,8283930,8689292,9048448,9502520,9793231,10035699,10483157,10541666,11000965,11364841,11568107,11322583,11552684,11807728,11827189,12060317,12570946,13112354,14229547,15513865,15496282
37051,"Cumberland, NC",3,Per capita personal income (dollars) 2,3951,4032,4200,4775,5240,5753,6193,6455,6761,7318,7923,9020,9909,10641,11505,12442,13091,13853,14376,15324,15811,15989,16583,19824,19995,20244,21072,21737,22155,23295,24126,25139,25352,27098,28647,29414,31290,31862,32553,33621,33228,33621,34395,35078,34033,34804,35710,35564,36510,37763,39179,42554,46001,46024
37053,"Currituck, NC",1,Personal income (thousands of dollars),22756,24509,26309,31346,41230,47310,48988,57451,62951,72962,81633,93666,105356,113943,123441,143664,153637,167669,179717,201159,214653,221330,236657,262212,280677,300975,326382,359037,385451,412913,434705,475887,510839,537576,598253,671769,720368,747121,790305,796008,822247,849832,886244,936464,946922,1002916,1059312,1115483,1171189,1225820,1345259,1501909,1703632,1841717
37053,"Currituck, NC",3,Per capita personal income (dollars) 2,3265,3491,3661,3938,4686,4906,4884,5607,6187,6837,7252,8427,9415,9876,10036,11374,12247,12975,13696,15095,15761,16040,16694,17981,18605,19227,20339,21777,22751,23634,24345,26013,27297,27815,29472,31290,32133,32593,34041,34049,35237,35919,37168,39163,39313,40767,42652,44073,45214,46115,49217,52882,57334,59381
37055,"Dare, NC",1,Personal income (thousands of dollars),21664,24555,27451,32908,40282,44056,48992,56943,65106,78260,86872,103391,113940,126608,149422,179580,208834,254492,281691,331398,370892,381163,398099,424682,454369,502787,553270,601968,657613,712058,758243,816580,976796,1045740,1182867,1248744,1262773,1280840,1314757,1353232,1351387,1405023,1446049,1537719,1568244,1655729,1724228,1841772,1910904,1985845,2184261,2390184,2732647,2888465
37055,"Dare, NC",3,Per capita personal income (dollars) 2,3113,3460,3612,4253,4815,4743,5019,5475,5860,6554,6862,7646,8100,8676,9882,11237,12265,13842,14387,15814,16750,16624,17240,18020,18778,20141,21354,22571,23723,24892,25820,27085,31687,32784,36177,37617,37860,38276,39199,40331,40126,41361,42401,44851,45235,47702,48927,51748,53251,54738,59714,64544,72122,76100
37057,"Davidson, NC",1,Personal income (thousands of dollars),316462,322476,345805,385114,429095,476005,503601,570240,639837,737145,831950,923756,1037423,1088244,1200503,1355231,1452651,1553788,1673477,1843962,2008623,2117914,2163846,2318927,2451502,2615155,2815332,2989913,3230796,3503818,3727531,3938027,3945679,3953949,4059181,4313219,4405446,4596715,4826034,5060432,4894297,5004683,5165123,5295576,5295115,5549100,5749552,5937958,6225338,6470383,6857829,7441886,8198969,8374362
37057,"Davidson, NC",3,Per capita personal income (dollars) 2,3325,3360,3511,3817,4188,4626,4845,5424,5982,6756,7478,8135,9037,9379,10269,11417,12100,12826,13520,14812,15969,16654,16797,17780,18428,19461,20598,21472,22799,24328,25513,26660,26364,26134,26564,27975,28345,29240,30328,31330,30136,30733,31700,32474,32418,33954,35159,36106,37631,38828,40791,43984,48005,48523
37059,"Davie, NC",1,Personal income (thousands of dollars),57490,60311,67496,79242,91879,101953,111504,131419,146856,165083,185887,212517,240081,261423,286492,324199,353283,405480,418886,471290,529238,542375,556351,606050,640221,675128,723454,777512,844484,906966,950806,1028627,1043419,1061898,1109239,1212355,1295930,1421566,1526721,1567699,1476791,1509230,1586277,1637924,1635310,1702580,1799081,1838981,1951769,2018416,2134305,2273876,2567999,2670944
37059,"Davie, NC",3,Per capita personal income (dollars) 2,3112,3187,3479,3999,4489,4813,5126,5897,6360,6947,7638,8600,9568,10326,11174,12599,13410,15143,15439,17172,19214,19348,19591,21138,21903,22464,23824,24941,26198,27257,27857,29351,29061,29136,30090,32285,33609,35954,37922,38473,35989,36594,38426,39764,39591,41444,43432,44154,46506,47917,50497,53010,58880,60579
37061,"Duplin, NC",1,Personal income (thousands of dollars),96826,103291,111485,128506,178767,164608,188030,184823,187652,214469,220442,235078,252516,280965,279016,340238,357258,420543,432158,478543,537298,590323,659304,729934,811417,818786,909276,998279,1024267,874748,897064,1061727,1144632,1088313,1123125,1204035,1274147,1310738,1443515,1598691,1606484,1709232,1714735,1807423,1900309,1993860,1955755,1894849,2013972,1942215,2046693,2148524,2553546,2584731
37061,"Duplin, NC",3,Per capita personal income (dollars) 2,2576,2717,2917,3299,4541,4180,4684,4586,4627,5272,5426,5746,6216,6914,6885,8351,8812,10426,10742,11967,13357,14715,16208,17525,18986,18732,20300,21797,21948,18397,18534,21564,22810,21289,21649,22833,23840,23961,25958,28141,27971,29270,29629,31685,34003,36276,36582,35859,39049,38323,41279,44157,52536,52760
37063,"Durham, NC",1,Personal income (thousands of dollars),459589,513195,582204,640257,687255,763708,854414,936850,1036639,1162081,1287855,1462304,1643243,1794690,1955738,2226259,2475550,2654665,2853446,3134186,3449965,3670406,3880159,4201390,4377172,4528960,4814089,5173455,5571940,6053511,6455544,6912731,7037083,7174768,7423521,7939300,8423892,9085653,9775046,10216740,10361769,10856197,11363230,11944289,11902143,12684784,13337124,13936107,14665959,15667473,16707826,17571636,19072781,19651318
37063,"Durham, NC",3,Per capita personal income (dollars) 2,3516,3865,4330,4648,4866,5368,5972,6456,7006,7793,8511,9568,10617,11482,12361,13835,15099,15755,16544,17894,19287,20041,20688,21907,22327,22727,23730,25003,26313,28026,29369,30795,30733,30726,31513,33306,34840,36795,38668,39393,39049,40010,41102,42284,41264,43036,44417,45370,47107,49558,51984,53973,57849,59070
37065,"Edgecombe, NC",1,Personal income (thousands of dollars),133540,147566,161354,187721,219441,248133,261906,291064,304682,344712,364019,399226,464513,476615,507060,561061,596219,630240,668773,719007,766650,784540,823128,877356,915618,941139,998105,1071381,1126818,1160028,1176412,1255832,1282732,1260557,1298825,1377783,1407113,1449334,1509346,1578975,1597596,1593504,1646990,1675131,1652216,1705866,1699299,1708305,1750352,1781308,1832549,1971859,2132625,2101422
37065,"Edgecombe, NC",3,Per capita personal income (dollars) 2,2562,2824,3099,3560,4152,4668,4847,5322,5521,6199,6476,7118,8249,8400,8911,9849,10334,10831,11440,12234,13356,13859,14549,15499,16185,16624,17510,18783,19809,20564,20899,22651,22991,22568,23196,24575,25059,25821,26996,27986,28408,28185,29541,30371,30215,31646,32320,32906,34173,35448,37042,40426,44090,43507
37067,"Forsyth, NC",1,Personal income (thousands of dollars),815601,916151,998630,1115637,1250382,1380811,1526665,1695285,1876423,2067196,2274889,2544062,2872340,3076083,3316672,3723092,4056074,4336481,4720415,5233111,5622188,5877949,6005597,6366021,6720331,7057892,7592626,7997072,8410753,8909034,9029918,9565959,9900715,10127565,10536956,11265322,11762849,12647857,13205666,13888174,13443803,13853110,13885300,14501605,14337883,15489599,16177491,16523347,17384955,17671702,18628525,19796963,21730970,22485752
37067,"Forsyth, NC",3,Per capita personal income (dollars) 2,3875,4248,4541,4977,5528,6061,6655,7316,8013,8677,9404,10405,11632,12346,13200,14684,15781,16777,18009,19848,21222,22027,22210,23253,24113,24808,26279,27218,28240,29582,29740,31144,31855,32231,33275,35204,36186,38083,38996,40334,38573,39427,39173,40567,39781,42531,44075,44558,46340,46713,48885,51667,56273,57781
37069,"Franklin, NC",1,Personal income (thousands of dollars),66027,72424,76619,87258,100557,111803,121584,136522,141260,167157,174869,195768,221263,239777,264129,303313,337651,360857,387588,428966,474942,526528,555884,615758,665872,718255,781988,872004,969886,1054181,1100030,1162739,1231964,1229359,1270443,1340713,1396883,1493883,1638879,1705864,1704357,1717442,1774558,1863540,1859725,1954349,2040013,2131191,2269084,2424597,2587922,2889188,3287290,3453402
37069,"Franklin, NC",3,Per capita personal income (dollars) 2,2451,2689,2771,3121,3562,3939,4242,4782,4893,5750,5889,6495,7280,7793,8462,9552,10323,10594,11064,12131,13193,14397,14847,16128,16921,17754,18706,20214,22001,23348,23762,24422,25248,24285,24451,25240,25744,26936,28665,28950,28425,28258,29255,30609,30332,31684,32694,33752,35264,37008,38449,41803,45785,46330
37071,"Gaston, NC",1,Personal income (thousands of dollars),464267,487195,529371,597657,655650,695787,716092,830570,931662,1052040,1182573,1340099,1490351,1563054,1711632,1900563,1996164,2162475,2355888,2553131,2777900,2932826,3025737,3226222,3414884,3673435,3871665,4053070,4308624,4623889,4834734,5050806,5092415,5188727,5309497,5522768,5778957,6071914,6401690,6658601,6504844,6588791,6950148,7138957,7272425,7560151,7901694,8149218,8605557,8823284,9342541,10239160,11277151,11634395
37071,"Gaston, NC",3,Per capita personal income (dollars) 2,3179,3276,3509,3886,4200,4441,4563,5314,5932,6649,7397,8217,9051,9395,10251,11243,11621,12609,13666,14682,15892,16746,17061,18058,18978,20269,21166,21976,23156,24689,25563,26489,26603,27034,27719,28818,29861,30934,31948,32568,31595,31960,33559,34274,34667,35780,36949,37425,38945,39354,41313,44808,48748,49674
37073,"Gates, NC",1,Personal income (thousands of dollars),22099,22808,22950,30163,37229,39159,40346,45944,46852,51579,55918,62046,71711,78347,81050,93385,95310,100663,104362,112370,121907,129693,137957,144233,153991,164109,168251,181101,189810,202667,207141,214176,236173,237855,255541,278840,305006,326760,343902,356143,367127,374403,373451,377958,378560,394950,401249,410919,427766,422383,445366,466098,514266,517593
37073,"Gates, NC",3,Per capita personal income (dollars) 2,2625,2684,2716,3547,4409,4667,4657,5417,5531,6129,6473,6993,8114,8768,9143,10393,10455,10916,11259,12040,13072,13890,14733,15144,15882,16691,16898,17956,18611,19420,19767,20388,22395,22405,23661,25643,27006,27909,28559,29438,30246,30846,31359,32440,33312,35273,36480,37571,39700,39482,41972,44611,49434,49850
37075,"Graham, NC",1,Personal income (thousands of dollars),13448,14355,14131,15229,18438,22576,24340,27213,30374,34993,40391,46740,47003,51620,53236,56944,59297,62879,66433,66823,71320,75914,81165,89886,98215,105574,114722,124464,133720,140381,148308,158824,174532,176535,178740,178318,186233,200193,215002,228722,231012,231816,240166,239721,241831,249682,256552,251772,270155,278478,297162,315716,341343,329858
37075,"Graham, NC",3,Per capita personal income (dollars) 2,1985,2192,2162,2403,2875,3464,3657,4076,4425,5050,5704,6482,6559,7180,7417,7823,8155,8650,9161,9322,9826,10557,10930,11996,13087,13781,14880,16000,17056,17913,18705,19868,21670,21518,21739,21274,22123,23384,25050,26164,26404,26182,27444,27881,28241,29643,30732,30492,32942,34300,36892,39293,42625,41336
37077,"Granville, NC",1,Personal income (thousands of dollars),79093,84504,94672,104063,118611,130113,138324,164933,171453,199331,221233,231816,277687,300498,316597,362735,384494,408872,437003,464681,508459,546819,576612,636729,671197,714026,768094,828211,903395,965699,1013223,1102722,1169389,1179698,1209901,1301979,1370010,1491608,1604063,1733226,1727807,1733254,1799878,1855022,1879462,1932394,1985352,2087061,2194278,2277576,2427091,2607295,2834055,2903609
37077,"Granville, NC",3,Per capita personal income (dollars) 2,2392,2574,2837,3114,3529,3861,4120,4920,5087,5896,6541,6791,8072,8637,8976,10166,10688,11089,11691,12212,13272,14216,14823,16010,16496,17335,18166,19136,20403,20819,21332,22586,23324,22697,22899,24429,25317,27038,27967,29701,29082,30041,31258,32150,32420,33169,33946,35341,36668,37620,39888,42701,46151,46906
37079,"Greene, NC",1,Personal income (thousands of dollars),41332,47342,45774,53102,66511,73556,78050,85108,71606,100817,91722,105388,120545,133062,129873,142156,145140,148411,178668,204327,224762,238312,245106,251042,272040,283121,305222,346577,364562,356587,364367,409903,412123,388854,402127,432951,436140,451905,466426,489991,510004,534792,557906,582141,608876,636462,608048,605076,632994,635523,666491,716985,802655,787485
37079,"Greene, NC",3,Per capita personal income (dollars) 2,2726,3149,2977,3514,4451,4898,5248,5677,4778,6317,5896,6549,7556,8392,8059,8870,9103,9364,11400,13188,14619,15435,15633,15907,16846,17018,17684,19534,20068,19173,19498,21551,21419,19929,20260,21506,21649,21787,22024,23080,23997,25171,25999,27599,29180,30574,29366,29103,30695,30777,32551,35078,39616,38963
37081,"Guilford, NC",1,Personal income (thousands of dollars),1106477,1214211,1333674,1486983,1634920,1790625,1911880,2088599,2300135,2601401,2868602,3191631,3566008,3782770,4124793,4658559,4996316,5352803,5836130,6410303,6868141,7375225,7570674,8139110,8617113,9155356,9751478,10427022,11220000,12085626,12449823,13092641,13323998,13405647,13665759,14540590,15342354,16648344,17393680,18058326,17355624,17818088,18493654,19523191,19492291,20594264,21918225,22131302,22981358,23963510,25321712,26921196,29372130,30040008
37081,"Guilford, NC",3,Per capita personal income (dollars) 2,3883,4196,4527,4975,5439,5956,6331,6838,7418,8326,9109,10039,11143,11726,12701,14235,15156,16090,17323,18804,19935,21124,21240,22429,23254,24184,25154,26440,27972,29517,29894,31001,31103,31027,31320,33002,34232,36287,37129,37794,35845,36389,37348,38979,38455,40157,42331,42148,43424,44885,47020,49900,54117,55008
37083,"Halifax, NC",1,Personal income (thousands of dollars),122667,132770,145669,162502,189782,210574,208172,249543,265404,297874,323595,356894,403132,422574,447299,503306,532696,566264,591552,641418,692802,737185,774827,834407,875540,939343,949546,1003425,1040735,1103540,1117410,1169059,1191724,1182120,1229794,1327781,1399057,1466490,1516017,1554631,1555319,1587409,1626266,1690311,1652458,1673204,1703814,1729763,1763694,1783564,1860597,1952926,2155157,2142081
37083,"Halifax, NC",3,Per capita personal income (dollars) 2,2235,2447,2692,2975,3453,3835,3770,4524,4767,5350,5827,6476,7318,7664,8113,9127,9667,10305,10701,11599,12515,13242,13833,14774,15255,16225,16319,17295,17976,19076,19454,20400,20985,20920,21843,23710,25046,26335,27259,27977,28262,29154,30118,31588,31257,31923,32977,33791,34850,35756,37842,40249,44549,44768
37085,"Harnett, NC",1,Personal income (thousands of dollars),123842,133853,146415,166374,187302,214854,235311,258016,274116,303142,336358,382845,426452,459972,498706,562021,613216,647030,694914,768751,848744,932259,992830,1114909,1199151,1275792,1394656,1506899,1634042,1793293,1881675,2018006,2107781,2157031,2238969,2419735,2610158,2785518,2938217,3080719,3148386,3284021,3392944,3514383,3755238,3930863,4090155,4179119,4383992,4588325,4864621,5306254,5991689,6135221
37085,"Harnett, NC",3,Per capita personal income (dollars) 2,2520,2689,2886,3150,3494,3897,4221,4598,4761,5181,5673,6402,7043,7519,8081,9025,9651,10029,10571,11487,12559,13704,14350,15621,16277,16878,17800,18455,19414,20729,21112,22081,22623,22538,23133,24555,25913,27034,27779,28328,28144,28386,28545,28897,30246,31316,32313,32419,33638,34751,36523,39664,44164,44192
37087,"Haywood, NC",1,Personal income (thousands of dollars),118337,125807,135707,151019,171296,185636,206307,232729,258330,288334,313803,354746,398251,427447,460182,515911,549109,587973,618654,659404,692410,720379,767437,827663,882588,920779,976896,1041301,1119438,1175276,1208850,1263838,1326903,1357873,1408899,1482115,1541043,1648572,1760479,1828171,1799532,1863130,1922299,1981747,1964684,2050648,2159622,2256145,2357823,2447058,2622454,2792702,3085188,3186417
37087,"Haywood, NC",3,Per capita personal income (dollars) 2,2861,3009,3192,3492,3945,4234,4641,5182,5758,6308,6794,7617,8520,9115,9865,10948,11601,12314,13109,13951,14698,15326,16112,17062,17904,18518,19339,20260,21387,22177,22552,23347,24213,24516,25124,26100,26996,28571,30152,31086,30422,31626,32781,33874,33432,34830,36403,37598,38913,39790,42471,44882,49360,50894
37089,"Henderson, NC",1,Personal income (thousands of dollars),130515,143953,160903,183902,214623,237165,261232,299768,343438,394027,448759,522790,603604,642276,732703,809913,860207,919865,1003110,1108375,1211701,1287376,1360723,1493825,1596955,1684392,1821678,1933148,2104180,2237384,2323655,2482038,2576677,2577245,2633309,2877207,3076556,3299476,3505443,3631529,3578015,3588635,3690553,3901680,3889510,4100218,4326436,4587795,4753347,5036915,5338869,5637970,6244711,6524513
37089,"Henderson, NC",3,Per capita personal income (dollars) 2,3105,3344,3609,4051,4526,4878,5177,5782,6411,7138,7871,8870,10028,10430,11713,12652,13217,13989,15105,16412,17726,18321,18925,20298,21093,21594,22762,23647,25024,26011,26458,27682,28269,27802,27941,30034,31527,32976,34276,34822,33815,33585,34431,36316,35884,37409,38971,40751,41663,43797,46190,48378,53379,55243
37091,"Hertford, NC",1,Personal income (thousands of dollars),56256,60343,63818,74808,85494,93206,100184,114949,119242,131443,146027,158889,182589,189684,196262,215094,222309,231942,231830,244203,263212,279281,293279,312377,323542,341545,356166,370045,384123,412352,428250,465629,488279,502147,506271,533861,562945,575216,608136,625565,633816,646223,634292,675256,670307,692271,711664,712717,735824,740759,775304,837188,890759,866917
37091,"Hertford, NC",3,Per capita personal income (dollars) 2,2405,2492,2754,3219,3646,4091,4345,5008,5153,5655,6253,6799,7836,8151,8379,9220,9511,9918,10059,10710,11656,12493,13097,13910,14259,15088,15695,16337,16942,18263,18967,20605,21404,21325,21515,22498,23559,23986,25088,25561,25786,26132,25877,27875,27890,28999,30289,30800,32425,32931,35075,38993,42073,41529
37093,"Hoke, NC",1,Personal income (thousands of dollars),37552,41021,43518,50852,58074,63453,66687,77047,81638,88627,98573,111959,121514,130579,139191,151295,156727,177718,192217,208776,234535,270903,279461,312795,340951,373721,398468,443645,487844,515436,542933,589392,618604,645114,680144,760434,844807,917874,1027777,1175952,1256750,1324174,1398137,1447241,1435617,1483789,1524039,1546295,1612882,1704670,1786798,1963320,2208929,2214985
37093,"Hoke, NC",3,Per capita personal income (dollars) 2,2266,2485,2567,2909,3323,3590,3483,4088,4245,4720,5026,5468,5845,6195,6570,7056,7252,8061,8512,9271,10298,11804,11998,12907,13402,13625,14005,15078,16093,16322,16536,17374,17816,18027,18632,19949,21227,22192,24185,26780,27678,27923,28489,29077,28640,29538,29860,30335,31192,32909,34406,37583,41494,41181
37095,"Hyde, NC",1,Personal income (thousands of dollars),12838,14020,12251,16636,21095,22781,21684,28051,27226,29617,33455,38313,38433,37730,42081,51539,56337,58861,57888,75036,75772,75594,80666,81297,82182,92189,88622,104368,112400,111463,111010,121384,123904,120834,129818,135683,144198,133290,152973,120132,107485,111313,141078,191511,194082,184486,184865,187058,187860,179111,198673,205185,231116,222363
37095,"Hyde, NC",3,Per capita personal income (dollars) 2,2383,2514,2168,2955,3735,4141,3823,4754,4525,5005,5583,6509,6490,6418,7175,8794,9657,10226,10291,13635,13802,13983,14994,14986,15273,17244,16519,19295,20496,18844,18771,20810,21605,20670,22577,23754,25152,23713,27128,20842,18615,19182,24514,34125,35014,33807,35179,35760,37549,37628,42634,45086,49971,48593
37097,"Iredell, NC",1,Personal income (thousands of dollars),212776,227631,249370,287782,329806,365955,396254,443597,488374,554664,628997,708591,778336,815123,909448,1017753,1084530,1188966,1268380,1371063,1505210,1591169,1682909,1830026,1969118,2138495,2316637,2497863,2709466,2965725,3186229,3361297,3731824,3863592,4172593,4484925,4897217,5321186,5605008,5848462,5599025,5767238,6266797,6642759,6853245,7314636,7858645,8145031,8477891,9075381,9712360,10656351,11858045,12623086
37097,"Iredell, NC",3,Per capita personal income (dollars) 2,2986,3142,3376,3781,4291,4692,5055,5697,6184,6902,7692,8553,9286,9648,10726,11792,12452,13522,14196,15090,16399,16980,17548,18766,19795,21006,22136,23184,24396,25636,26545,27203,29353,29640,31350,32853,34852,36235,36889,37441,35350,36083,38854,40725,41481,43716,46094,46898,47917,50477,52934,56778,61688,64437
37099,"Jackson, NC",1,Personal income (thousands of dollars),48886,53310,61527,71102,82380,88512,99755,110806,121976,138417,150609,168652,188922,203217,222239,242784,256932,274354,289894,317548,347766,368138,390628,421451,454961,472795,505717,535930,579589,639963,671167,715493,770189,793292,828419,884823,955667,1032818,1087788,1088934,1044900,1062604,1070344,1105476,1107853,1171206,1249033,1302139,1380645,1440830,1558513,1697516,1872598,1927392
37099,"Jackson, NC",3,Per capita personal income (dollars) 2,2281,2453,2749,3048,3451,3624,4100,4513,4877,5623,6011,6509,7200,7698,8368,9079,9622,10442,10934,11935,12979,13672,14223,15038,16016,16096,16774,17402,18517,20092,20702,21484,22729,22936,23198,24205,25777,27087,28325,27926,26217,26330,26653,27306,27170,28833,30519,30916,32412,33647,36309,40196,44040,44870
37101,"Johnston, NC",1,Personal income (thousands of dollars),171454,181049,197075,230024,260059,299942,326590,348208,376367,429855,461609,529905,599873,630825,678498,798757,884339,947558,1026544,1125616,1239714,1329758,1420999,1582842,1722002,1875961,2034243,2215752,2471377,2655565,2887405,3168958,3362959,3395671,3577522,3914475,4201901,4611822,5000173,5284139,5328920,5441499,5641286,5860226,5962865,6356695,6732407,7153088,7589050,8103089,8815334,9788439,11010981,11661913
37101,"Johnston, NC",3,Per capita personal income (dollars) 2,2780,2927,3137,3583,4040,4595,4892,5153,5519,6195,6579,7484,8397,8754,9351,10781,11658,12301,13176,14262,15496,16231,16812,18120,19073,20089,20776,21648,23118,23627,24518,25706,26379,25705,26377,27950,29096,30803,32115,32669,32010,32064,32683,33553,33569,35073,36242,37314,38439,39710,41789,44945,48440,49672
37103,"Jones, NC",1,Personal income (thousands of dollars),21743,22925,24250,29157,33364,37038,38951,39631,37000,46804,44793,52348,55732,63940,64217,75042,79234,84254,90024,101963,111636,134032,145836,151163,156839,163857,173773,189168,202913,189380,193670,221220,240737,218620,223782,249386,280859,282052,304218,311347,318325,330059,342723,365485,369035,382038,362507,360368,379909,359294,387006,388796,463477,448582
37103,"Jones, NC",3,Per capita personal income (dollars) 2,2261,2339,2442,2925,3395,3855,3971,4063,3812,4757,4664,5393,5753,6584,6580,8036,8444,8978,9659,10906,11907,14271,15385,15709,15839,16290,17198,18795,19907,18523,18712,21501,23567,21620,22475,24636,27938,28222,30316,31216,31384,32563,34122,36388,37029,38979,37291,37882,40066,37904,41829,42505,50285,48585
37105,"Lee, NC",1,Personal income (thousands of dollars),93498,96340,104476,121172,139463,155485,171077,196567,221357,250475,281220,311929,358231,385840,412259,461438,495837,532573,566663,613196,669412,724343,755999,836331,903065,958805,1005271,1057489,1136386,1200160,1234634,1257134,1323218,1360714,1370683,1472762,1560590,1645603,1771214,1834770,1809196,1828025,1952801,2030106,2005694,2071939,2193744,2245526,2324265,2480541,2635576,2843649,3165900,3249066
37105,"Lee, NC",3,Per capita personal income (dollars) 2,3007,3151,3350,3762,4271,4679,5086,5801,6357,7036,7847,8477,9682,10315,10888,11946,12484,13270,14177,15161,16374,17434,17972,19530,20615,21500,21998,22639,23868,24716,25318,25406,26542,27593,27762,29605,30566,31260,32736,32868,31542,31570,33290,34130,33368,34622,36614,37263,38022,39987,42044,44833,49392,49622
37107,"Lenoir, NC",1,Personal income (thousands of dollars),150169,166605,178406,198955,229971,268591,295498,329642,343792,383178,402986,454042,501373,545421,566863,634613,656285,695434,714489,770183,839470,899315,956935,1031611,1078158,1127418,1192852,1262943,1324872,1320405,1353347,1417101,1473108,1476107,1511956,1566637,1623994,1666938,1791876,1893687,1904081,1920859,1975667,2072864,2030286,2054905,2071039,2089773,2181130,2188951,2287633,2461502,2728498,2788441
37107,"Lenoir, NC",3,Per capita personal income (dollars) 2,2715,3005,3154,3448,3958,4594,5055,5565,5789,6477,6795,7586,8386,9178,9521,10689,11151,11947,12292,13371,14650,15674,16579,17736,18362,19082,19992,21124,22138,22066,22607,23794,24791,24895,25565,26514,27435,28156,30334,31881,32044,32298,33296,35150,34692,35447,35934,36781,38861,39468,41288,44714,49888,51039
37109,"Lincoln, NC",1,Personal income (thousands of dollars),98790,103519,114696,131761,151057,160913,172084,197912,228884,264856,300176,334819,378119,398960,446881,504576,540315,595621,647795,712276,773511,826340,859216,931590,1012866,1101998,1172071,1239808,1328090,1357317,1411817,1498660,1568679,1608285,1627845,1838292,1989330,2173715,2348328,2475849,2417302,2469743,2616791,2777100,2864623,3060378,3229690,3353943,3595604,3822907,4120326,4523605,5038218,5420659
37109,"Lincoln, NC",3,Per capita personal income (dollars) 2,3086,3150,3381,3735,4117,4312,4535,5163,5863,6583,7305,7878,8815,9201,10243,11330,11849,12931,13752,14680,15725,16270,16540,17412,18297,19360,20293,21046,22009,22008,22426,23361,24004,24221,24136,26928,28459,30116,31675,32516,31162,31619,33459,35342,36308,38663,40253,41543,43843,45710,48017,51873,56061,58227
37111,"McDowell, NC",1,Personal income (thousands of dollars),77446,81778,90040,102187,118946,132595,147677,164934,183793,202032,223050,247191,271014,282563,311903,337886,350673,377869,399361,427766,465804,493773,523692,567674,606448,647591,695081,724229,774045,832736,861405,889246,910330,912978,940784,993795,1018921,1057738,1105113,1153418,1158370,1183767,1217360,1239840,1252659,1312819,1374675,1408020,1493778,1547092,1620349,1789386,1946886,1968385
37111,"McDowell, NC",3,Per capita personal income (dollars) 2,2571,2664,2911,3245,3694,4076,4445,4939,5493,5967,6514,7010,7597,7884,8726,9412,9789,10611,11212,12032,13062,13804,14471,15564,16398,17214,18210,18389,19122,20198,20571,21040,21271,21276,21772,22904,23340,24056,24921,25764,25819,26263,27107,27712,28059,29492,30990,31904,33780,34781,36288,40139,43666,43983
37113,"Macon, NC",1,Personal income (thousands of dollars),36038,38789,44401,51126,60519,66677,73598,83997,94843,108021,122585,142960,162456,178913,199067,226303,243816,260343,268714,291996,322848,342771,362573,385727,410781,443293,483336,514547,570236,609819,639188,691393,745209,772230,799246,843398,901014,981156,1032868,1061004,1030180,1041702,1075223,1104215,1111530,1161685,1231235,1253636,1326276,1378884,1508728,1629288,1769755,1838864
37113,"Macon, NC",3,Per capita personal income (dollars) 2,2273,2438,2699,3004,3518,3797,4061,4592,4980,5538,6069,7015,7693,8254,9028,10045,10714,11498,11827,12777,13905,14510,15116,15782,16441,17412,18373,18912,20393,21357,21851,23078,24501,25016,25578,26633,28109,29972,31144,31570,30461,30653,31613,32442,32621,33904,35552,35906,37544,38245,41146,43926,47209,48309
37115,"Madison, NC",1,Personal income (thousands of dollars),33631,35705,38144,42201,48983,53359,60510,66863,73915,82616,88475,101042,116923,124582,134049,148905,154818,164288,173628,185127,203613,220116,230763,246765,269371,285854,304253,322376,350246,369078,389333,410377,433635,428956,444146,466848,485341,501509,527342,543960,550705,564201,572257,578466,588122,614923,644629,662419,698947,730218,789844,847107,937798,968602
37115,"Madison, NC",3,Per capita personal income (dollars) 2,2021,2228,2376,2657,3064,3303,3660,4062,4480,4980,5349,5981,6832,7363,7974,8750,9087,9596,10183,10939,12063,12927,13402,14162,15414,16028,16718,17328,18623,19201,20077,20865,21848,21566,22349,23352,24150,24748,25825,26425,26604,27143,27498,27807,27983,29275,30824,31417,32924,34392,37331,39905,43326,44497
37117,"Martin, NC",1,Personal income (thousands of dollars),66257,70274,69584,82650,96166,108809,119556,133351,139508,155385,160253,181449,211588,219300,223457,251725,263768,279088,292674,310726,333847,352163,378525,404865,409133,439904,454439,476864,500678,512509,512682,534693,560701,584546,602651,619459,642730,663292,699088,727661,727707,713907,696180,737446,721191,747692,713104,738224,746450,759559,796617,841768,940029,915226
37117,"Martin, NC",3,Per capita personal income (dollars) 2,2642,2847,2825,3344,3865,4350,4725,5235,5406,5998,6177,6976,8080,8406,8566,9648,10201,10862,11391,12165,13194,14059,15055,16113,16002,16872,17467,18349,19271,19902,20009,20963,22240,23331,24137,24956,26154,26907,28662,29817,29814,29139,28818,30984,30598,32028,30806,32127,33017,33748,35821,38344,43236,42553
37119,"Mecklenburg, NC",1,Personal income (thousands of dollars),1378462,1539711,1695521,1901696,2107509,2308701,2504556,2714174,2971166,3352143,3773424,4219008,4786153,5191226,5674467,6493673,7247080,7921854,8775337,9890805,10792199,11738855,12163647,13323643,14398579,15628050,17247330,18934403,20488755,22793554,24379995,26225016,23818526,24511560,26724980,31036310,35075113,41136772,47319817,56632819,48644993,43261521,45228114,54027725,48366380,51379097,55352919,58064732,62458332,66081094,70351509,76551092,83205782,87554823
37119,"Mecklenburg, NC",3,Per capita personal income (dollars) 2,4038,4335,4708,5168,5635,6123,6637,7137,7742,8624,9536,10379,11563,12289,13250,14815,16145,17242,18523,20342,21598,22767,22912,24574,25802,27119,28937,30672,32040,34507,35744,37440,33073,33285,35445,40153,43915,49473,54884,63776,53532,46865,47960,55954,48933,51015,53779,55188,58234,60759,63743,68546,73908,76441
37121,"Mitchell, NC",1,Personal income (thousands of dollars),30228,33148,35913,41073,46121,51448,58707,64503,70363,78254,86679,97014,107780,114444,125460,138410,145476,151332,161611,169878,183670,190352,204575,215092,225923,232716,246722,257702,277733,285540,298061,312091,330172,327167,335957,355589,375772,391796,409791,411350,420622,440694,446156,469508,467195,478852,491189,492826,519425,536240,556883,600243,654713,663987
37121,"Mitchell, NC",3,Per capita personal income (dollars) 2,2179,2456,2601,2983,3309,3706,4159,4514,4887,5376,6004,6724,7494,7994,8845,9678,10106,10572,11294,11772,12762,13156,14047,14661,15263,15655,16366,16982,18230,18581,19232,19847,20818,20634,21213,22325,23696,24957,26025,26134,26841,28412,29054,30627,30574,31566,32605,32844,34645,35776,37310,40269,43700,43990
37123,"Montgomery, NC",1,Personal income (thousands of dollars),51804,56686,63220,71459,80992,81662,87186,97856,109916,125647,137409,150923,162913,172428,199273,218524,225407,248233,262267,282334,305286,320214,338023,360263,392163,408507,433671,455898,483443,516322,560759,578908,602575,606717,617181,674579,707670,726248,750952,770753,738611,747478,735682,794307,787897,836459,893245,882122,928149,956693,991064,1079005,1184480,1211154
37123,"Montgomery, NC",3,Per capita personal income (dollars) 2,2691,2938,3216,3592,4031,4002,4230,4733,5292,5927,6323,6709,7228,7665,8716,9434,9729,10756,11243,12204,13113,13633,14398,15045,16222,16757,17394,18033,18972,19907,21217,21527,22357,22478,22669,24913,26062,26592,27317,27809,26655,26997,26742,29230,29236,31393,33526,33472,35436,36964,38364,41954,45816,46774
37125,"Moore, NC",1,Personal income (thousands of dollars),115651,123629,136278,158217,188067,201584,222835,257444,292391,331947,377804,438841,501509,532889,591415,674947,748947,823190,892142,999704,1102926,1234507,1280722,1365419,1501722,1611911,1744100,1878477,1977996,2145923,2228589,2364621,2416496,2420619,2514519,2722288,2954571,3115899,3318858,3474416,3429948,3556277,3744963,4021853,3999552,4240904,4464867,4550514,4742063,4958566,5296139,5752298,6299960,6636457
37125,"Moore, NC",3,Per capita personal income (dollars) 2,2978,3149,3345,3792,4372,4625,4984,5649,6236,6905,7659,8670,9852,10369,11313,12656,13881,14993,15935,17396,18946,20802,21195,22016,23569,24408,25765,27150,27922,29728,30198,31454,31688,31225,32100,34253,36548,37614,39140,40343,39314,40170,42109,44886,44191,46262,48227,48582,49785,51385,53857,57370,61193,62886
37127,"Nash, NC",1,Personal income (thousands of dollars),166515,185540,202864,233320,272727,304963,333790,382270,410880,463811,491404,549462,641610,706592,753924,860465,919663,976669,1044077,1174486,1273076,1340860,1388416,1472946,1568176,1661922,1765183,1909460,2060127,2128474,2171802,2252423,2394192,2399569,2465205,2582449,2697884,2856150,3028397,3223002,3213195,3254331,3296023,3414428,3322281,3468029,3567244,3607021,3717125,3884089,4129102,4435047,4752103,4857898
37127,"Nash, NC",3,Per capita personal income (dollars) 2,2817,3128,3368,3835,4385,4824,5203,5888,6204,6944,7330,8155,9425,10273,10836,12266,12934,13633,14370,16077,16984,17400,17747,18576,19437,20174,21138,22589,23977,24609,24951,25684,27132,27009,27546,28611,29688,31002,32309,34027,33649,33961,34402,35836,35143,36760,37966,38301,39452,41192,43743,46612,49903,50715
37129,"New Hanover, NC",1,Personal income (thousands of dollars),254913,281347,309856,361046,413595,457785,503357,562173,621537,695345,791430,896842,981893,1048015,1145485,1271305,1401884,1554637,1654377,1820794,1968731,2157932,2326682,2510141,2725180,3001050,3276336,3548020,3821188,4120995,4350571,4645512,4867471,4983259,5272051,5777765,6336290,6903784,7236495,7485546,7139776,7207017,7557538,7673592,7894897,8582947,9081007,9499251,9864740,10636863,11291271,12249566,13775949,14316813
37129,"New Hanover, NC",3,Per capita personal income (dollars) 2,3142,3362,3547,3949,4379,4735,5105,5631,6121,6904,7790,8631,9319,9750,10549,11541,12515,13605,14270,15568,16651,17814,18535,19467,20435,21689,22760,23829,24962,26257,27401,28874,29610,29636,30664,32393,34174,36185,37236,37861,35667,35489,36887,37058,37592,40465,42318,43419,44514,47448,50229,54128,59914,60943
37131,"Northampton, NC",1,Personal income (thousands of dollars),44939,50030,53496,62671,78970,83189,81212,104209,104348,121471,128754,142172,169419,167676,164402,199631,205873,221723,215247,228275,246670,264510,281205,296896,309922,344692,356252,387229,404636,433624,427470,462710,495152,469260,505250,534017,574419,571088,579608,591640,593847,583053,603535,645999,616600,627801,617494,625594,655990,657059,697062,729397,813295,798911
37131,"Northampton, NC",3,Per capita personal income (dollars) 2,1858,2151,2236,2619,3440,3651,3552,4531,4538,5276,5636,6408,7672,7642,7520,9117,9395,10098,9990,10776,11780,12577,13358,14149,14739,16258,16564,17809,18490,19723,19447,20993,22443,21259,22861,24294,25898,25827,26000,26580,26868,26514,27838,30951,30412,31545,31482,32826,35144,35795,38795,41835,47581,47614
37133,"Onslow, NC",1,Personal income (thousands of dollars),376779,469455,454696,504609,548029,638970,717056,758046,800311,882656,906494,956772,1231182,1333918,1434731,1606495,1771351,1858660,1987291,2074611,2237154,2108677,2159771,2542865,2543574,2734947,2864961,2992843,3201819,3341019,3508762,3624519,3762739,3885867,4276538,4772016,5219274,5501281,6121988,6842741,7452832,8013123,8289284,8305638,8017001,8112075,8240359,8411372,8234789,8604445,8953015,9587104,10537886,10693469
37133,"Onslow, NC",3,Per capita personal income (dollars) 2,3747,4576,4509,5330,5881,6631,6361,6576,6877,7451,8011,8429,10604,11221,11550,12522,13294,13455,14078,14539,14997,14049,14271,17373,17211,18636,19455,20132,21640,22159,23450,24055,24908,25332,28419,30043,33200,34130,37499,40475,43064,42865,44765,43483,41582,42160,42515,43531,42040,43527,44001,46781,51490,51585
37135,"Orange, NC",1,Personal income (thousands of dollars),194272,215388,245133,271336,301297,344618,385217,426348,476783,545857,613988,701449,801888,885131,956720,1099368,1233755,1342461,1462588,1627401,1844014,2021663,2169909,2379994,2593990,2795484,2967052,3104504,3178303,3283093,3426700,3671289,3944070,3964479,4036456,4882931,5270216,5733430,6264124,6700521,6354273,6560080,6857274,7179289,7162600,7605732,8058819,8413906,8949223,9134404,9753552,10376950,11197670,11672141
37135,"Orange, NC",3,Per capita personal income (dollars) 2,3445,3705,3992,4123,4465,4849,5562,6019,6514,7366,8090,9078,10296,11255,11947,13523,14757,15583,16620,18003,19925,21454,22575,24102,25303,26387,27351,28129,28169,28574,29323,31611,33232,33692,34015,40923,43367,46131,49249,51636,48004,48962,50856,52086,51376,54191,57018,58962,62390,61803,65941,72271,75349,77568
37137,"Pamlico, NC",1,Personal income (thousands of dollars),25596,27852,30553,34043,39675,42983,46189,51605,55263,64516,71627,82535,88160,92336,100576,112084,124133,132697,136965,149898,164957,166295,174623,193235,201129,215944,232109,251612,272845,283945,296365,312033,317760,316725,328406,350992,373883,392764,423838,433717,431827,447983,456221,481141,476044,474102,484432,491682,520736,517560,564438,600923,646779,647541
37137,"Pamlico, NC",3,Per capita personal income (dollars) 2,2749,2946,3229,3602,4183,4592,4859,5341,5576,6385,7067,7926,8444,8681,9382,10264,11247,11941,12350,13402,14620,14594,15218,16654,17106,18107,19270,20683,22432,23036,22978,24164,24732,24516,25432,27317,28749,30224,32570,33123,32874,34205,34596,37243,37366,37363,38705,39319,42250,42243,46050,48844,52383,52301
37139,"Pasquotank, NC",1,Personal income (thousands of dollars),70261,78845,84954,99784,119859,130668,140892,158028,171187,192810,215280,229780,247153,262123,281714,320174,337000,352653,375369,414288,451087,474678,497440,522925,553347,575844,610801,653512,674882,706790,730216,763876,812732,852719,923082,1003123,1095882,1189518,1252672,1292120,1296027,1319208,1326957,1359511,1342844,1367088,1405315,1446683,1492129,1494013,1594902,1743008,1918904,1933670
37139,"Pasquotank, NC",3,Per capita personal income (dollars) 2,2616,2931,3117,3657,4403,4730,5129,5644,6073,6874,7626,8064,8661,9108,9793,10996,11426,11727,12359,13517,14546,15116,15724,16181,16785,17372,18334,19251,19417,20160,20915,21904,23363,24169,25876,27458,29037,30535,31278,31862,31968,32461,32905,33586,33842,34525,35508,36546,37670,37436,39666,42956,47094,47234
37141,"Pender, NC",1,Personal income (thousands of dollars),40306,45740,49066,56479,66400,72580,80227,90592,101057,116112,134446,154712,174423,182617,196029,221386,240244,270589,302794,341246,384205,418725,460236,509575,544208,580449,631555,701152,754877,769145,822259,881227,942468,939758,971946,1102283,1207939,1315250,1433546,1519457,1520244,1585139,1638908,1728825,1789548,1906401,1992239,2098998,2196950,2311027,2514671,2738679,3128782,3279399
37141,"Pender, NC",3,Per capita personal income (dollars) 2,2228,2519,2695,3037,3441,3663,3969,4368,4786,5426,6198,6928,7735,7973,8435,9319,9850,10739,11546,12634,13729,14396,15321,16460,16726,17139,17945,19155,19829,19430,20284,21383,22650,22156,22630,24975,26557,27701,29148,30058,29442,30290,31062,32638,33334,35017,35848,37131,37856,39220,42326,45161,49607,49887
37143,"Perquimans, NC",1,Personal income (thousands of dollars),19528,20050,19742,25444,34713,38969,36573,44248,45416,56622,61769,58665,66553,69889,71936,87813,90866,99619,107296,115702,126177,134382,142945,147109,154534,171741,181995,199181,209310,220475,223118,240318,272053,265772,286150,317416,360258,388567,411834,426520,449275,459425,463946,491724,469133,479301,486973,510673,535125,525067,561639,609223,693238,704815
37143,"Perquimans, NC",3,Per capita personal income (dollars) 2,2296,2392,2319,2978,4056,4604,4001,5030,5123,6196,6512,6180,7007,7419,7595,9106,9138,9923,10542,11135,12076,12826,13635,14009,14580,16152,17071,18273,19028,19818,19861,21057,23589,22915,24466,26861,29768,31100,31923,32088,33849,34122,34576,36578,34945,36133,37077,39216,41179,40719,43290,46806,52814,53355
37145,"Person, NC",1,Personal income (thousands of dollars),68634,73971,80213,90405,103121,113333,120205,144119,153999,175089,185108,198591,227884,242475,266086,296923,318480,341929,357517,378745,420959,465939,485890,520909,552466,584685,617329,664847,708022,731938,780736,825838,856894,878245,920308,979387,1025295,1084621,1147559,1221173,1195538,1208348,1220927,1267281,1263966,1322106,1342306,1363444,1427760,1469265,1540518,1657601,1790826,1784355
37145,"Person, NC",3,Per capita personal income (dollars) 2,2621,2848,3034,3318,3752,4106,4395,5211,5508,6189,6427,6806,7815,8260,9078,10100,10808,11513,11967,12565,13999,15370,15752,16690,17409,18220,18735,19827,20727,21050,22208,23095,23747,23897,24803,26193,27031,28361,29686,31299,30394,30673,30961,32473,32395,34057,34571,35095,36732,37761,39585,42300,45717,45304
37147,"Pitt, NC",1,Personal income (thousands of dollars),191351,217915,236862,265316,310619,352192,405664,462176,486896,566804,604560,700731,794024,866505,927766,1058658,1128495,1218865,1320854,1473099,1662971,1815946,1927098,2065267,2216282,2347207,2533273,2679519,2913713,3007328,3132758,3362596,3452720,3561812,3702344,3933913,4243022,4625286,4979346,5323899,5294905,5472483,5640831,6077608,6091755,6328339,6512982,6704218,6951839,7331644,7731083,8334899,9081502,9283701
37147,"Pitt, NC",3,Per capita personal income (dollars) 2,2599,2941,3145,3539,4099,4636,5142,5767,6015,6915,7300,7736,8626,9277,9792,11009,11547,12234,12949,14123,15619,16652,17212,18066,18987,19610,20676,21460,22797,23041,23634,25038,25275,25601,26145,27227,28683,30244,31619,32840,31978,32462,33302,35664,35697,37206,38308,39457,40881,43168,45437,48920,52716,53495
37149,"Polk, NC",1,Personal income (thousands of dollars),38536,41338,44724,50094,57174,62657,67427,77138,85601,94172,104029,118143,138044,146179,163597,184288,196427,206692,221336,246017,285504,299193,316295,338808,363057,386701,414756,444432,477750,523399,542674,558391,584836,584610,584488,648504,666102,703506,727441,738161,689361,675087,714811,736513,734477,794543,835879,859446,893580,914682,993394,1064416,1155471,1229020
37149,"Polk, NC",3,Per capita personal income (dollars) 2,3273,3513,3740,4059,4582,4984,5335,6155,6730,7528,8198,9021,10219,10593,11912,13146,14005,14767,15740,17426,19979,20572,21423,22159,23196,24148,25070,26036,27191,29527,30108,30342,31303,30886,30659,33558,34060,35331,36110,36197,33577,33039,35582,37026,36964,40344,42690,44247,46044,47268,51632,54915,58680,61494
37151,"Randolph, NC",1,Personal income (thousands of dollars),253924,265737,291032,323529,365570,387329,418683,469667,528942,613145,673050,732700,820770,885176,964107,1080566,1176103,1298333,1382850,1524687,1650360,1733280,1800671,1970493,2115149,2272081,2392521,2547880,2694999,2844590,3009300,3096175,3267547,3291409,3382879,3558464,3698094,3858751,4049439,4162239,4091740,4207995,4302019,4468269,4425743,4674565,4796344,4902155,5094257,5319122,5609798,6013708,6679473,6827173
37151,"Randolph, NC",3,Per capita personal income (dollars) 2,3334,3463,3684,4024,4435,4591,4940,5496,6097,6932,7495,7996,8857,9454,10170,11210,12051,13096,13693,14756,15708,16170,16450,17671,18700,19741,20366,21133,21836,22572,23378,23636,24737,24749,25239,26411,27132,27985,29163,29667,28983,29637,30328,31411,31108,32826,33665,34292,35661,37198,39154,41641,46031,46748
37153,"Richmond, NC",1,Personal income (thousands of dollars),107354,111192,122069,134731,146136,159044,172546,196319,227143,251981,281805,300390,331861,342209,377634,414427,439016,470418,491789,528723,575087,615486,644724,671144,700415,719960,756786,815812,853533,892766,914219,942699,1004712,994993,987281,1049206,1103908,1136602,1183390,1234894,1242047,1314981,1304159,1357000,1363064,1416234,1469117,1469648,1503250,1526696,1591408,1727996,1922077,1968174
37153,"Richmond, NC",3,Per capita personal income (dollars) 2,2734,2785,3017,3260,3558,3837,4106,4594,5237,5690,6293,6652,7374,7696,8488,9283,9734,10461,11042,11848,12894,13798,14315,14895,15391,15838,16549,17648,18409,19175,19682,20225,21616,21325,21327,22697,23837,24568,25510,26535,26689,28219,28065,29478,29854,31366,32890,33300,34363,34942,36641,40265,44864,46009
37155,"Robeson, NC",1,Personal income (thousands of dollars),182759,207083,226485,261010,301488,335078,360620,403431,415855,489025,534450,593277,660665,702162,759378,852845,883980,936472,1017914,1112965,1177415,1258028,1370191,1512690,1632556,1713780,1797224,1918917,2015303,2069965,2160172,2258124,2370569,2405607,2510233,2630029,2783144,2896776,3068576,3288593,3361625,3353618,3397988,3496470,3521496,3617612,3605456,3634144,3677840,3782832,3964558,4322765,4837177,4791409
37155,"Robeson, NC",3,Per capita personal income (dollars) 2,2158,2435,2606,2905,3295,3596,3774,4146,4218,4905,5316,5826,6451,6810,7328,8191,8461,8995,9703,10578,11201,11920,12817,13888,14701,15173,15637,16421,16955,17125,17632,18309,19131,19295,19976,20854,21763,22474,23522,24964,25278,25006,25478,26444,26986,28068,28378,29155,29995,31358,33595,37167,41618,41071
37157,"Rockingham, NC",1,Personal income (thousands of dollars),230585,252186,273796,301820,343390,374816,399139,440517,492103,566093,627907,695989,775586,814392,880361,956630,1001160,1041580,1124777,1202750,1284301,1349577,1394826,1462660,1530539,1605886,1678284,1756992,1859388,1948193,1977310,2049812,2139843,2161342,2219017,2359534,2473814,2605565,2712101,2847209,2768452,2831260,2853944,2950061,2895661,3025526,3068852,3111342,3214738,3302233,3496705,3773382,4145772,4168590
37157,"Rockingham, NC",3,Per capita personal income (dollars) 2,3197,3472,3676,3956,4419,4741,5002,5475,6121,6944,7611,8321,9202,9646,10398,11290,11777,12263,13182,14022,14978,15641,16053,16775,17471,18201,18804,19468,20434,21308,21529,22259,23192,23291,23917,25541,26719,28029,29111,30517,29594,30223,30591,31827,31515,32973,33499,34111,35441,36483,38459,41380,45428,45332
37159,"Rowan, NC",1,Personal income (thousands of dollars),280618,301564,328087,367199,401030,434451,474278,529337,586818,655793,738137,835531,930302,975850,1072699,1194872,1254519,1330725,1406963,1532902,1680724,1779612,1852998,1978116,2084700,2249006,2379175,2494373,2660071,2870085,3007782,3172521,3339861,3440932,3495680,3684043,3842838,3998140,4143252,4241116,4079611,4096754,4211723,4285761,4330228,4589634,4785474,4896356,5098362,5374601,5709819,6160508,6841314,7031826
37159,"Rowan, NC",3,Per capita personal income (dollars) 2,3169,3341,3577,3987,4291,4657,5057,5634,6156,6792,7538,8400,9273,9631,10523,11696,12016,12609,13271,14193,15356,16033,16461,17319,17980,18971,19698,20194,21133,22493,23238,24290,25330,25917,26370,27867,28997,29827,30549,30795,29442,29593,30440,30949,31132,32801,33991,34452,35544,37204,39146,41866,46221,46990
37161,"Rutherford, NC",1,Personal income (thousands of dollars),125171,136153,150229,172104,196895,212367,230884,263394,288770,320412,360967,397995,443079,461271,508702,554388,579316,617721,664786,716274,789400,826929,871098,941651,997639,1045141,1091608,1143340,1214977,1267499,1305166,1354366,1431621,1445914,1477660,1512707,1544613,1635128,1686831,1741584,1688217,1740004,1809932,1871224,1865475,1930744,1973349,1995333,2060405,2133836,2289324,2470990,2718166,2762542
37161,"Rutherford, NC",3,Per capita personal income (dollars) 2,2629,2859,3062,3450,3940,4208,4528,5102,5543,6085,6784,7375,8127,8344,9257,9932,10317,11061,11885,12727,13973,14458,15060,16146,16936,17586,18162,18927,19887,20485,20879,21476,22485,22619,22918,23383,23717,24829,25440,25938,24988,25711,26974,28077,28253,29479,30331,30833,31851,33039,35426,38322,42065,42525
37163,"Sampson, NC",1,Personal income (thousands of dollars),112787,118815,126253,143694,172415,187029,204281,230715,236752,285366,307856,337486,374678,396663,406185,449914,471324,506102,560368,588575,669354,738266,803389,829941,932565,992782,1024133,1091863,1166170,1084281,1091108,1265673,1376743,1338030,1416412,1595924,1710999,1729796,1829971,1882097,1912084,1990293,2002041,2068655,2113073,2181407,2143536,2080827,2193051,2121104,2252693,2411300,2756486,2769698
37163,"Sampson, NC",3,Per capita personal income (dollars) 2,2467,2626,2714,3051,3694,3974,4255,4822,4901,5888,6285,6796,7585,8067,8320,9213,9728,10543,11674,12294,14083,15543,16539,16589,18152,18836,19053,19902,20604,18691,18392,21010,22746,22032,23165,26002,27722,27847,29261,29952,30289,31379,31792,32977,33816,35206,34970,34382,36499,35501,37915,40816,46657,46849
37165,"Scotland, NC",1,Personal income (thousands of dollars),71191,76367,86151,99643,113165,119183,127595,149511,165225,186913,207003,232517,254479,262907,285326,314232,323969,349683,381063,398531,424692,446524,476365,516573,557362,585099,619486,653964,683188,711070,744484,764660,801386,798744,815840,880448,928873,956821,985277,1035112,1038649,1063330,1029700,1031237,1004424,1034737,1057584,1052260,1090823,1118454,1185167,1294008,1401347,1402824
37165,"Scotland, NC",3,Per capita personal income (dollars) 2,2623,2830,3134,3503,3892,4035,4235,4944,5347,5892,6458,7188,7817,8006,8657,9454,9816,10602,11400,11832,12652,13185,13998,15096,16095,16845,17689,18456,19244,19932,20723,21274,22353,22532,23019,24158,25515,26324,27069,28388,28603,29496,28437,28662,28097,29194,30162,30072,31345,32633,34560,37902,41005,41064
37167,"Stanly, NC",1,Personal income (thousands of dollars),133731,145294,154641,171175,197181,208030,222554,254024,281326,309198,347405,379070,421573,442679,487300,552829,586257,630283,675361,726503,784607,822955,847277,886253,924565,963494,1024126,1090511,1161649,1236379,1293836,1351186,1390972,1395315,1414322,1501365,1609161,1691023,1770912,1774071,1724357,1770823,1808924,1900739,1921625,2010247,2089658,2183410,2293713,2383388,2498588,2703532,2983331,3092949
37167,"Stanly, NC",3,Per capita personal income (dollars) 2,3152,3379,3510,3819,4344,4574,4873,5520,6052,6575,7297,7807,8682,9079,9949,11113,11680,12549,13361,14243,15202,15855,16094,16693,17254,17719,18689,19665,20592,21722,22388,23198,23707,23775,24074,25604,27306,28572,29590,29363,28504,29239,29917,31500,31786,33292,34639,36109,37585,38705,40252,43161,47273,48212
37169,"Stokes, NC",1,Personal income (thousands of dollars),67400,71310,81872,91833,111017,125190,136158,149479,169162,196097,217691,253066,294509,310428,332472,373911,409595,432103,472176,521536,557995,582072,607735,644888,679071,727591,789551,828346,883040,933141,985532,1033423,1069642,1078073,1109783,1202666,1222276,1283779,1343199,1375646,1345183,1370341,1390745,1420773,1405625,1480354,1525801,1556058,1627198,1690278,1761006,1870097,2073228,2095695
37169,"Stokes, NC",3,Per capita personal income (dollars) 2,2804,2975,3273,3495,4081,4420,4641,5018,5575,6297,6769,7616,8742,9062,9673,10700,11580,12134,13050,14328,15162,15565,16075,16650,17390,18096,19178,19656,20581,21408,22269,23078,23784,23915,24482,26275,26476,27458,28531,29045,28366,28971,29605,30590,30484,32322,33523,34466,36287,38005,39553,41963,46442,46391
37171,"Surry, NC",1,Personal income (thousands of dollars),157284,170407,188851,210326,239123,256888,274752,307243,332223,379542,408496,455080,522975,535230,574962,652267,703551,760196,815983,885220,969971,1016469,1059318,1127660,1190510,1262332,1296551,1371380,1471256,1576405,1619262,1651456,1710051,1729508,1755653,1844727,1909588,2023968,2128946,2232671,2170587,2180899,2237322,2326055,2315926,2419755,2514642,2545566,2632421,2712724,2830244,3072145,3421653,3482893
37171,"Surry, NC",3,Per capita personal income (dollars) 2,3098,3305,3595,3922,4379,4667,4897,5437,5779,6558,6987,7645,8769,8936,9612,10821,11624,12507,13355,14454,15801,16403,16849,17688,18362,19166,19401,20292,21404,22525,22825,23159,23823,23970,24248,25544,26317,27799,29153,30416,29530,29563,30459,31774,31938,33462,35031,35468,36657,37883,39671,43044,48060,48778
37173,"Swain, NC",1,Personal income (thousands of dollars),17916,18881,22381,25690,28201,31354,36004,40186,43986,50071,55064,60953,64086,67075,72867,79586,87667,94764,98612,108085,116769,121472,134190,144334,156097,160236,171572,189013,204138,213025,229377,233457,259955,268612,278194,296533,314449,337287,354460,369442,391018,411378,425527,438187,447273,472977,499617,515111,544791,546584,582819,625650,711944,719533
37173,"Swain, NC",3,Per capita personal income (dollars) 2,2165,2124,2444,2730,3071,3351,3633,3957,4289,4849,5321,5904,6129,6308,6778,7323,8081,8650,9020,9999,10466,10744,11680,12444,13215,13528,14285,15349,16331,16851,17921,17902,19950,20473,21077,22397,23357,24632,25650,26632,28064,29376,30406,31221,32065,33306,34992,36450,38363,38543,40977,44375,50318,51517
37175,"Transylvania, NC",1,Personal income (thousands of dollars),51265,55648,59079,67544,73753,82512,95599,112547,124530,138681,158777,186398,214151,232383,252807,283140,300148,312385,333596,362938,397432,420632,444279,478830,498336,515742,553930,597316,654092,710375,725654,760211,779043,771659,745459,815194,866675,940948,1007539,1080552,1021412,1002295,1026102,1076991,1065905,1137024,1208885,1305290,1337000,1395330,1490030,1597214,1763384,1848067
37175,"Transylvania, NC",3,Per capita personal income (dollars) 2,2588,2820,2956,3360,3579,3896,4409,5111,5532,6072,6845,7932,9012,9644,10421,11494,12030,12297,13132,14224,15522,16465,17242,18336,18678,19030,20288,21471,23174,24620,24885,25843,26302,25714,24788,26801,28039,29901,31426,33204,31091,30324,31437,33101,32901,35115,37254,40101,40793,42297,45251,48333,53026,55406
37177,"Tyrrell, NC",1,Personal income (thousands of dollars),7590,8177,7991,11098,13701,13970,15237,17971,17781,22022,21080,21748,26098,27153,25657,32220,35135,37788,38229,50730,48623,53755,58050,56887,55963,58920,58692,66583,68294,67125,70203,77299,87324,84734,84609,93457,96752,100050,103138,107808,99944,104362,111919,120190,123390,121893,114505,125625,131074,121279,128024,144444,159422,151691
37177,"Tyrrell, NC",3,Per capita personal income (dollars) 2,1981,2138,2060,2866,3656,3698,3858,4567,4522,5462,5250,5459,6511,6690,6429,8039,8747,9564,9639,12961,12448,13941,15313,14768,14273,15193,15241,17430,18091,16644,16916,18735,20961,20008,19477,21790,22606,23058,23430,24766,22933,23729,26303,30161,31590,31546,29959,34371,35056,33401,38620,44595,47208,45079
37179,"Union, NC",1,Personal income (thousands of dollars),158248,169846,185824,215706,261016,282128,301517,347356,385156,444962,513686,582326,645124,698703,761090,925999,1004359,1068751,1121634,1266330,1374358,1454061,1514601,1625818,1731124,1869783,2040855,2218890,2457583,2730588,3008093,3353442,3782108,3862054,4125551,4608931,5260399,6061464,6755587,7158498,7032886,7297078,7814147,8534191,8804118,9503951,10410471,10973335,11578898,12334506,13087983,13981105,15700480,16847280
37179,"Union, NC",3,Per capita personal income (dollars) 2,2929,3087,3283,3663,4361,4529,4786,5460,5932,6686,7544,8226,8958,9531,10267,12270,13092,13708,14088,15559,16582,17153,17364,18123,18632,19416,20287,21240,22647,24128,25359,26705,28726,27919,28601,30432,32707,35133,36560,36961,35424,36123,38231,41199,41757,44030,47400,49089,50785,53142,55618,58390,64278,67641
37181,"Vance, NC",1,Personal income (thousands of dollars),89450,99867,112155,125106,138670,147689,158013,181695,192611,211866,227187,249053,284190,302668,324638,358088,384208,412159,442051,486265,532936,566581,589496,637846,674039,701927,717176,755347,804780,848418,884538,924734,1008228,1019336,1051281,1103699,1127310,1215461,1274087,1361635,1343791,1366168,1364224,1353630,1325624,1372812,1405022,1428227,1453758,1493578,1555669,1681570,1848698,1826935
37181,"Vance, NC",3,Per capita personal income (dollars) 2,2730,3066,3456,3834,4112,4357,4642,5233,5422,5887,6237,6766,7693,8135,8685,9544,10109,10743,11438,12577,13827,14512,14986,16057,16847,17355,17661,18392,19356,20186,20798,21426,22950,23137,23876,25038,25542,27268,28518,30274,29715,30199,30301,30339,30256,31468,32406,33045,33933,34764,36444,39534,43909,43356
37183,"Wake, NC",1,Personal income (thousands of dollars),842811,943369,1045551,1177356,1340893,1521178,1708710,1898401,2120751,2417765,2780502,3167532,3566562,3940759,4471660,5251048,6052358,6665049,7263622,8101103,8980263,9718121,10328008,11399598,12419589,13427171,14698167,16086355,17828602,19582575,20931524,23154506,24975131,25595161,26646891,28409316,30901162,34782181,37903486,40976643,39920397,42224657,43610292,46513444,47058893,50540167,54444737,57023200,59909444,65358983,68987576,74305486,85044447,89720755
37183,"Wake, NC",3,Per capita personal income (dollars) 2,3793,4095,4390,4793,5271,5784,6391,6961,7570,8437,9472,10442,11500,12432,13649,15342,16851,17913,19037,20410,21832,22580,23149,24610,25717,26625,27911,29301,31249,33049,34161,36564,38024,37841,38300,39659,41420,44363,46133,47842,45178,46558,46937,48825,48263,50596,53186,54318,55813,59788,61941,65717,73800,76357
37185,"Warren, NC",1,Personal income (thousands of dollars),32655,36007,38702,43478,49004,54120,58194,67828,70343,81579,87804,103807,118351,119023,122497,138036,141546,151207,159736,172766,188013,200206,212377,232060,249119,259594,276825,289446,312216,326697,336522,348712,373424,361170,377777,418245,423700,444756,467503,515451,518380,513360,523991,534631,517899,552594,553257,554334,563587,578166,595635,653059,726544,703634
37185,"Warren, NC",3,Per capita personal income (dollars) 2,2080,2309,2342,2571,2929,3335,3544,4228,4317,4952,5360,6389,7279,7305,7463,8268,8453,8972,9384,10086,10931,11571,12150,13086,13846,14311,14951,15485,16419,16496,16831,17512,18609,17941,18616,20438,20526,21682,22559,24636,24733,24504,25115,26038,25545,27681,28086,28725,29412,30339,31605,35114,38664,37601
37187,"Washington, NC",1,Personal income (thousands of dollars),34418,39549,37383,44805,54426,62020,67674,75304,80393,86924,92322,98785,105534,111283,113583,133997,136087,148395,157667,179195,185158,193206,208134,223373,233573,245076,248750,257778,272209,268124,275950,296545,309537,306890,325218,350109,355779,366595,385975,405003,408059,404793,391588,409058,401768,399893,398484,404018,405513,406084,424603,457370,506710,491646
37187,"Washington, NC",3,Per capita personal income (dollars) 2,2451,2819,2654,3276,3917,4416,4469,5044,5337,5901,6198,6688,7225,7687,7876,9387,9529,10434,11034,12562,13122,13789,14709,15648,16400,17004,17379,18261,19464,19424,20076,21654,22778,22780,24072,26141,26549,27553,29294,30451,30792,30891,30519,32638,32185,32671,33318,34414,35094,35769,38091,41670,46449,45405
37189,"Watauga, NC",1,Personal income (thousands of dollars),54902,61929,70029,81864,97008,103507,113436,127036,145398,163736,177938,201928,231589,247350,272669,309755,334656,369396,394175,433474,484023,533376,541842,592520,649036,695492,751626,771504,823577,888559,922531,968374,1018610,1041090,1092758,1177499,1264421,1370731,1435561,1507275,1478809,1498432,1503694,1574402,1564586,1642913,1724332,1816970,1916640,2045581,2174170,2333684,2551974,2668769
37189,"Watauga, NC",3,Per capita personal income (dollars) 2,2422,2622,2802,3092,3471,3491,3811,4190,4676,5306,5731,6324,7043,7373,8013,8962,9539,10389,11016,11999,13175,14397,14465,15426,16676,17481,18527,18758,19782,21197,21752,22570,23228,23359,24232,25892,27256,28708,29438,29986,29164,29427,29270,30512,30307,31896,33170,34422,35756,37673,40167,43123,46432,48445
37191,"Wayne, NC",1,Personal income (thousands of dollars),258200,287524,314929,355430,393421,446433,479207,521085,551523,618738,671168,739643,814766,875661,935893,1061421,1107443,1154090,1198960,1300742,1427014,1542212,1629428,1767885,1865745,1981342,2100507,2210025,2315416,2389421,2474834,2606132,2748284,2842320,2899249,3089193,3228646,3391370,3636361,3771911,3794742,3898084,4023498,4201963,4130812,4258517,4317276,4349653,4517298,4648856,4861021,5181855,5741810,5790425
37191,"Wayne, NC",3,Per capita personal income (dollars) 2,3020,3353,3581,3943,4355,4863,5181,5582,5825,6393,6910,7601,8308,8881,9416,10573,10944,11517,11836,12719,13729,14702,15293,16428,17216,18101,18825,19575,20424,21065,21867,22932,24122,24866,25300,26520,27593,28854,30573,31456,31305,31762,32651,34138,33732,34962,35706,36182,38143,39381,41268,44189,49132,49370
37193,"Wilkes, NC",1,Personal income (thousands of dollars),134734,142518,160604,180525,212123,233266,259143,290347,333588,351207,383390,426221,476207,496761,547082,637667,659524,712008,750864,818394,892912,941537,960468,1025313,1083664,1148516,1203376,1249915,1327335,1439070,1505182,1574695,1608972,1556764,1599642,1745218,1862701,1940582,1936398,1934117,1930514,1967308,2002967,2073044,2077324,2169260,2327320,2342698,2453140,2486503,2566891,2714897,3010010,3124440
37193,"Wilkes, NC",3,Per capita personal income (dollars) 2,2718,2860,3112,3390,3929,4254,4673,5170,5845,6039,6521,7255,8080,8393,9211,10667,11020,11953,12538,13668,14989,15824,16049,16989,17860,18724,19464,19877,20901,22439,23124,23917,24125,23165,23657,25791,27351,28334,28078,27902,27874,28424,29162,30293,30584,32129,34638,34841,36662,37271,38707,41195,45732,47495
37195,"Wilson, NC",1,Personal income (thousands of dollars),160093,173719,189752,212720,238820,276370,312276,348128,375528,432411,467626,526760,599164,635940,676555,748289,802466,845530,889295,975055,1034425,1098043,1136694,1226630,1289819,1333771,1392296,1460573,1538748,1622908,1699646,1779674,1895939,1918027,1967281,2133947,2279014,2415500,2505611,2669102,2647817,2709825,2768488,2848620,2815951,2857516,2956330,3004063,3071236,3164188,3277486,3516300,3801276,3826306
37195,"Wilson, NC",3,Per capita personal income (dollars) 2,2839,3015,3251,3662,4056,4638,5195,5783,6135,7034,7509,8330,9444,9965,10530,11594,12465,13099,13639,14888,15669,16577,16985,18135,18973,19343,20020,20785,21664,22540,23230,24059,25541,25501,25993,28027,29684,31216,31929,33452,32825,33365,34275,35297,35114,35853,37130,37845,38772,40127,41536,44619,48558,48774
37197,"Yadkin, NC",1,Personal income (thousands of dollars),70920,76124,80638,90735,110061,122741,132221,148226,159353,177365,191029,215281,248838,260959,278653,310460,337669,359453,388470,433221,472812,491464,510861,545359,573444,615174,644066,704112,751132,781900,800173,832988,866075,877948,901481,960255,1007605,1048829,1096416,1150918,1143826,1160724,1159281,1204396,1181777,1255749,1303170,1302172,1363343,1390478,1468699,1555271,1739715,1777796
37197,"Yadkin, NC",3,Per capita personal income (dollars) 2,2899,3080,3176,3461,4154,4527,4855,5363,5761,6374,6768,7548,8648,8976,9551,10589,11504,12154,12970,14302,15579,16074,16459,17293,17893,18814,19194,20507,21528,22109,22348,22812,23511,23547,24168,25768,26804,27687,28880,30109,29870,30208,30274,31648,31153,33331,34836,34832,36563,37479,39468,41757,46694,47455
37199,"Yancey, NC",1,Personal income (thousands of dollars),24070,25802,28263,33181,38762,43343,49017,55272,61591,69831,75719,84536,92404,98584,107439,122185,136291,158037,170456,183407,195282,195042,201529,216334,230472,248108,258354,273922,299304,319470,336765,349815,371801,372976,379592,398326,418424,446384,469879,489546,490978,502510,517339,534574,534550,552851,557516,569667,597687,651531,679384,728832,784808,790173
37199,"Yancey, NC",3,Per capita personal income (dollars) 2,1874,2031,2170,2494,2877,3195,3479,3824,4216,4732,5094,5649,6142,6521,7138,8030,8878,10218,10942,11803,12599,12617,12789,13626,14346,15201,15588,16343,17538,18509,19121,19688,20901,21060,21490,22499,23564,25058,26104,27173,27382,28209,29167,30188,30254,31240,31429,31979,33262,35814,36935,39418,41798,42006